filename,file_size,file_attributes,region_count,region_id,region_shape_attributes,region_attributes
0.jpg,2988,"{}",7,0,"{""name"":""point"",""cx"":40,""cy"":2}","{}"
0.jpg,2988,"{}",7,1,"{""name"":""point"",""cx"":28,""cy"":24}","{}"
0.jpg,2988,"{}",7,2,"{""name"":""point"",""cx"":24,""cy"":45}","{}"
0.jpg,2988,"{}",7,3,"{""name"":""point"",""cx"":20,""cy"":62}","{}"
0.jpg,2988,"{}",7,4,"{""name"":""point"",""cx"":52,""cy"":24}","{}"
0.jpg,2988,"{}",7,5,"{""name"":""point"",""cx"":55,""cy"":42}","{}"
0.jpg,2988,"{}",7,6,"{""name"":""point"",""cx"":62,""cy"":63}","{}"
1.jpg,3006,"{}",7,0,"{""name"":""point"",""cx"":38,""cy"":3}","{}"
1.jpg,3006,"{}",7,1,"{""name"":""point"",""cx"":28,""cy"":24}","{}"
1.jpg,3006,"{}",7,2,"{""name"":""point"",""cx"":26,""cy"":41}","{}"
1.jpg,3006,"{}",7,3,"{""name"":""point"",""cx"":20,""cy"":61}","{}"
1.jpg,3006,"{}",7,4,"{""name"":""point"",""cx"":48,""cy"":25}","{}"
1.jpg,3006,"{}",7,5,"{""name"":""point"",""cx"":51,""cy"":44}","{}"
1.jpg,3006,"{}",7,6,"{""name"":""point"",""cx"":54,""cy"":62}","{}"
2.jpg,3124,"{}",7,0,"{""name"":""point"",""cx"":44,""cy"":1}","{}"
2.jpg,3124,"{}",7,1,"{""name"":""point"",""cx"":29,""cy"":21}","{}"
2.jpg,3124,"{}",7,2,"{""name"":""point"",""cx"":26,""cy"":46}","{}"
2.jpg,3124,"{}",7,3,"{""name"":""point"",""cx"":22,""cy"":66}","{}"
2.jpg,3124,"{}",7,4,"{""name"":""point"",""cx"":56,""cy"":21}","{}"
2.jpg,3124,"{}",7,5,"{""name"":""point"",""cx"":58,""cy"":42}","{}"
2.jpg,3124,"{}",7,6,"{""name"":""point"",""cx"":63,""cy"":63}","{}"
3.jpg,3026,"{}",7,0,"{""name"":""point"",""cx"":41,""cy"":2}","{}"
3.jpg,3026,"{}",7,1,"{""name"":""point"",""cx"":30,""cy"":24}","{}"
3.jpg,3026,"{}",7,2,"{""name"":""point"",""cx"":27,""cy"":43}","{}"
3.jpg,3026,"{}",7,3,"{""name"":""point"",""cx"":22,""cy"":60}","{}"
3.jpg,3026,"{}",7,4,"{""name"":""point"",""cx"":53,""cy"":25}","{}"
3.jpg,3026,"{}",7,5,"{""name"":""point"",""cx"":58,""cy"":44}","{}"
3.jpg,3026,"{}",7,6,"{""name"":""point"",""cx"":61,""cy"":64}","{}"
4.jpg,3799,"{}",7,0,"{""name"":""point"",""cx"":44,""cy"":2}","{}"
4.jpg,3799,"{}",7,1,"{""name"":""point"",""cx"":31,""cy"":23}","{}"
4.jpg,3799,"{}",7,2,"{""name"":""point"",""cx"":29,""cy"":44}","{}"
4.jpg,3799,"{}",7,3,"{""name"":""point"",""cx"":24,""cy"":64}","{}"
4.jpg,3799,"{}",7,4,"{""name"":""point"",""cx"":53,""cy"":23}","{}"
4.jpg,3799,"{}",7,5,"{""name"":""point"",""cx"":57,""cy"":43}","{}"
4.jpg,3799,"{}",7,6,"{""name"":""point"",""cx"":61,""cy"":62}","{}"
5.jpg,2863,"{}",7,0,"{""name"":""point"",""cx"":40,""cy"":2}","{}"
5.jpg,2863,"{}",7,1,"{""name"":""point"",""cx"":25,""cy"":25}","{}"
5.jpg,2863,"{}",7,2,"{""name"":""point"",""cx"":19,""cy"":50}","{}"
5.jpg,2863,"{}",7,3,"{""name"":""point"",""cx"":13,""cy"":66}","{}"
5.jpg,2863,"{}",7,4,"{""name"":""point"",""cx"":52,""cy"":23}","{}"
5.jpg,2863,"{}",7,5,"{""name"":""point"",""cx"":59,""cy"":44}","{}"
5.jpg,2863,"{}",7,6,"{""name"":""point"",""cx"":61,""cy"":66}","{}"
6.jpg,3574,"{}",7,0,"{""name"":""point"",""cx"":39,""cy"":2}","{}"
6.jpg,3574,"{}",7,1,"{""name"":""point"",""cx"":29,""cy"":22}","{}"
6.jpg,3574,"{}",7,2,"{""name"":""point"",""cx"":28,""cy"":39}","{}"
6.jpg,3574,"{}",7,3,"{""name"":""point"",""cx"":22,""cy"":59}","{}"
6.jpg,3574,"{}",7,4,"{""name"":""point"",""cx"":49,""cy"":25}","{}"
6.jpg,3574,"{}",7,5,"{""name"":""point"",""cx"":51,""cy"":44}","{}"
6.jpg,3574,"{}",7,6,"{""name"":""point"",""cx"":56,""cy"":64}","{}"
7.jpg,2766,"{}",7,0,"{""name"":""point"",""cx"":44,""cy"":2}","{}"
7.jpg,2766,"{}",7,1,"{""name"":""point"",""cx"":33,""cy"":25}","{}"
7.jpg,2766,"{}",7,2,"{""name"":""point"",""cx"":29,""cy"":43}","{}"
7.jpg,2766,"{}",7,3,"{""name"":""point"",""cx"":24,""cy"":63}","{}"
7.jpg,2766,"{}",7,4,"{""name"":""point"",""cx"":55,""cy"":25}","{}"
7.jpg,2766,"{}",7,5,"{""name"":""point"",""cx"":57,""cy"":45}","{}"
7.jpg,2766,"{}",7,6,"{""name"":""point"",""cx"":62,""cy"":64}","{}"
8.jpg,3552,"{}",7,0,"{""name"":""point"",""cx"":42,""cy"":2}","{}"
8.jpg,3552,"{}",7,1,"{""name"":""point"",""cx"":30,""cy"":25}","{}"
8.jpg,3552,"{}",7,2,"{""name"":""point"",""cx"":26,""cy"":47}","{}"
8.jpg,3552,"{}",7,3,"{""name"":""point"",""cx"":22,""cy"":66}","{}"
8.jpg,3552,"{}",7,4,"{""name"":""point"",""cx"":54,""cy"":21}","{}"
8.jpg,3552,"{}",7,5,"{""name"":""point"",""cx"":58,""cy"":43}","{}"
8.jpg,3552,"{}",7,6,"{""name"":""point"",""cx"":61,""cy"":65}","{}"
9.jpg,2586,"{}",7,0,"{""name"":""point"",""cx"":40,""cy"":1}","{}"
9.jpg,2586,"{}",7,1,"{""name"":""point"",""cx"":24,""cy"":20}","{}"
9.jpg,2586,"{}",7,2,"{""name"":""point"",""cx"":21,""cy"":46}","{}"
9.jpg,2586,"{}",7,3,"{""name"":""point"",""cx"":15,""cy"":63}","{}"
9.jpg,2586,"{}",7,4,"{""name"":""point"",""cx"":57,""cy"":23}","{}"
9.jpg,2586,"{}",7,5,"{""name"":""point"",""cx"":58,""cy"":43}","{}"
9.jpg,2586,"{}",7,6,"{""name"":""point"",""cx"":64,""cy"":61}","{}"
10.jpg,3601,"{}",7,0,"{""name"":""point"",""cx"":36,""cy"":1}","{}"
10.jpg,3601,"{}",7,1,"{""name"":""point"",""cx"":26,""cy"":21}","{}"
10.jpg,3601,"{}",7,2,"{""name"":""point"",""cx"":24,""cy"":39}","{}"
10.jpg,3601,"{}",7,3,"{""name"":""point"",""cx"":20,""cy"":57}","{}"
10.jpg,3601,"{}",7,4,"{""name"":""point"",""cx"":47,""cy"":26}","{}"
10.jpg,3601,"{}",7,5,"{""name"":""point"",""cx"":49,""cy"":43}","{}"
10.jpg,3601,"{}",7,6,"{""name"":""point"",""cx"":52,""cy"":61}","{}"
11.jpg,2443,"{}",7,0,"{""name"":""point"",""cx"":40,""cy"":3}","{}"
11.jpg,2443,"{}",7,1,"{""name"":""point"",""cx"":30,""cy"":28}","{}"
11.jpg,2443,"{}",7,2,"{""name"":""point"",""cx"":27,""cy"":46}","{}"
11.jpg,2443,"{}",7,3,"{""name"":""point"",""cx"":22,""cy"":64}","{}"
11.jpg,2443,"{}",7,4,"{""name"":""point"",""cx"":51,""cy"":29}","{}"
11.jpg,2443,"{}",7,5,"{""name"":""point"",""cx"":52,""cy"":46}","{}"
11.jpg,2443,"{}",7,6,"{""name"":""point"",""cx"":57,""cy"":68}","{}"
12.jpg,2935,"{}",7,0,"{""name"":""point"",""cx"":40,""cy"":0}","{}"
12.jpg,2935,"{}",7,1,"{""name"":""point"",""cx"":30,""cy"":21}","{}"
12.jpg,2935,"{}",7,2,"{""name"":""point"",""cx"":24,""cy"":46}","{}"
12.jpg,2935,"{}",7,3,"{""name"":""point"",""cx"":20,""cy"":65}","{}"
12.jpg,2935,"{}",7,4,"{""name"":""point"",""cx"":54,""cy"":20}","{}"
12.jpg,2935,"{}",7,5,"{""name"":""point"",""cx"":56,""cy"":42}","{}"
12.jpg,2935,"{}",7,6,"{""name"":""point"",""cx"":60,""cy"":64}","{}"
13.jpg,2773,"{}",7,0,"{""name"":""point"",""cx"":40,""cy"":3}","{}"
13.jpg,2773,"{}",7,1,"{""name"":""point"",""cx"":29,""cy"":26}","{}"
13.jpg,2773,"{}",7,2,"{""name"":""point"",""cx"":28,""cy"":46}","{}"
13.jpg,2773,"{}",7,3,"{""name"":""point"",""cx"":23,""cy"":66}","{}"
13.jpg,2773,"{}",7,4,"{""name"":""point"",""cx"":49,""cy"":28}","{}"
13.jpg,2773,"{}",7,5,"{""name"":""point"",""cx"":51,""cy"":47}","{}"
13.jpg,2773,"{}",7,6,"{""name"":""point"",""cx"":56,""cy"":64}","{}"
14.jpg,3508,"{}",7,0,"{""name"":""point"",""cx"":40,""cy"":2}","{}"
14.jpg,3508,"{}",7,1,"{""name"":""point"",""cx"":28,""cy"":23}","{}"
14.jpg,3508,"{}",7,2,"{""name"":""point"",""cx"":24,""cy"":45}","{}"
14.jpg,3508,"{}",7,3,"{""name"":""point"",""cx"":19,""cy"":63}","{}"
14.jpg,3508,"{}",7,4,"{""name"":""point"",""cx"":52,""cy"":21}","{}"
14.jpg,3508,"{}",7,5,"{""name"":""point"",""cx"":56,""cy"":43}","{}"
14.jpg,3508,"{}",7,6,"{""name"":""point"",""cx"":62,""cy"":61}","{}"
15.jpg,3116,"{}",7,0,"{""name"":""point"",""cx"":39,""cy"":0}","{}"
15.jpg,3116,"{}",7,1,"{""name"":""point"",""cx"":27,""cy"":21}","{}"
15.jpg,3116,"{}",7,2,"{""name"":""point"",""cx"":25,""cy"":39}","{}"
15.jpg,3116,"{}",7,3,"{""name"":""point"",""cx"":20,""cy"":57}","{}"
15.jpg,3116,"{}",7,4,"{""name"":""point"",""cx"":50,""cy"":21}","{}"
15.jpg,3116,"{}",7,5,"{""name"":""point"",""cx"":55,""cy"":41}","{}"
15.jpg,3116,"{}",7,6,"{""name"":""point"",""cx"":59,""cy"":59}","{}"
16.jpg,2427,"{}",7,0,"{""name"":""point"",""cx"":42,""cy"":3}","{}"
16.jpg,2427,"{}",7,1,"{""name"":""point"",""cx"":26,""cy"":27}","{}"
16.jpg,2427,"{}",7,2,"{""name"":""point"",""cx"":21,""cy"":49}","{}"
16.jpg,2427,"{}",7,3,"{""name"":""point"",""cx"":16,""cy"":69}","{}"
16.jpg,2427,"{}",7,4,"{""name"":""point"",""cx"":54,""cy"":25}","{}"
16.jpg,2427,"{}",7,5,"{""name"":""point"",""cx"":59,""cy"":46}","{}"
16.jpg,2427,"{}",7,6,"{""name"":""point"",""cx"":63,""cy"":67}","{}"
17.jpg,2910,"{}",7,0,"{""name"":""point"",""cx"":42,""cy"":4}","{}"
17.jpg,2910,"{}",7,1,"{""name"":""point"",""cx"":33,""cy"":26}","{}"
17.jpg,2910,"{}",7,2,"{""name"":""point"",""cx"":29,""cy"":43}","{}"
17.jpg,2910,"{}",7,3,"{""name"":""point"",""cx"":25,""cy"":61}","{}"
17.jpg,2910,"{}",7,4,"{""name"":""point"",""cx"":51,""cy"":27}","{}"
17.jpg,2910,"{}",7,5,"{""name"":""point"",""cx"":51,""cy"":48}","{}"
17.jpg,2910,"{}",7,6,"{""name"":""point"",""cx"":56,""cy"":66}","{}"
18.jpg,2234,"{}",7,0,"{""name"":""point"",""cx"":44,""cy"":1}","{}"
18.jpg,2234,"{}",7,1,"{""name"":""point"",""cx"":36,""cy"":23}","{}"
18.jpg,2234,"{}",7,2,"{""name"":""point"",""cx"":33,""cy"":40}","{}"
18.jpg,2234,"{}",7,3,"{""name"":""point"",""cx"":28,""cy"":60}","{}"
18.jpg,2234,"{}",7,4,"{""name"":""point"",""cx"":54,""cy"":23}","{}"
18.jpg,2234,"{}",7,5,"{""name"":""point"",""cx"":56,""cy"":43}","{}"
18.jpg,2234,"{}",7,6,"{""name"":""point"",""cx"":61,""cy"":62}","{}"
19.jpg,3032,"{}",7,0,"{""name"":""point"",""cx"":42,""cy"":4}","{}"
19.jpg,3032,"{}",7,1,"{""name"":""point"",""cx"":30,""cy"":26}","{}"
19.jpg,3032,"{}",7,2,"{""name"":""point"",""cx"":25,""cy"":51}","{}"
19.jpg,3032,"{}",7,3,"{""name"":""point"",""cx"":21,""cy"":69}","{}"
19.jpg,3032,"{}",7,4,"{""name"":""point"",""cx"":56,""cy"":23}","{}"
19.jpg,3032,"{}",7,5,"{""name"":""point"",""cx"":61,""cy"":46}","{}"
19.jpg,3032,"{}",7,6,"{""name"":""point"",""cx"":67,""cy"":68}","{}"
20.jpg,2664,"{}",7,0,"{""name"":""point"",""cx"":38,""cy"":2}","{}"
20.jpg,2664,"{}",7,1,"{""name"":""point"",""cx"":28,""cy"":25}","{}"
20.jpg,2664,"{}",7,2,"{""name"":""point"",""cx"":24,""cy"":44}","{}"
20.jpg,2664,"{}",7,3,"{""name"":""point"",""cx"":20,""cy"":63}","{}"
20.jpg,2664,"{}",7,4,"{""name"":""point"",""cx"":47,""cy"":25}","{}"
20.jpg,2664,"{}",7,5,"{""name"":""point"",""cx"":51,""cy"":44}","{}"
20.jpg,2664,"{}",7,6,"{""name"":""point"",""cx"":54,""cy"":66}","{}"
21.jpg,3658,"{}",7,0,"{""name"":""point"",""cx"":40,""cy"":2}","{}"
21.jpg,3658,"{}",7,1,"{""name"":""point"",""cx"":31,""cy"":25}","{}"
21.jpg,3658,"{}",7,2,"{""name"":""point"",""cx"":25,""cy"":44}","{}"
21.jpg,3658,"{}",7,3,"{""name"":""point"",""cx"":22,""cy"":62}","{}"
21.jpg,3658,"{}",7,4,"{""name"":""point"",""cx"":53,""cy"":22}","{}"
21.jpg,3658,"{}",7,5,"{""name"":""point"",""cx"":56,""cy"":40}","{}"
21.jpg,3658,"{}",7,6,"{""name"":""point"",""cx"":61,""cy"":60}","{}"
22.jpg,2951,"{}",7,0,"{""name"":""point"",""cx"":37,""cy"":3}","{}"
22.jpg,2951,"{}",7,1,"{""name"":""point"",""cx"":27,""cy"":26}","{}"
22.jpg,2951,"{}",7,2,"{""name"":""point"",""cx"":23,""cy"":46}","{}"
22.jpg,2951,"{}",7,3,"{""name"":""point"",""cx"":19,""cy"":65}","{}"
22.jpg,2951,"{}",7,4,"{""name"":""point"",""cx"":47,""cy"":25}","{}"
22.jpg,2951,"{}",7,5,"{""name"":""point"",""cx"":51,""cy"":46}","{}"
22.jpg,2951,"{}",7,6,"{""name"":""point"",""cx"":58,""cy"":68}","{}"
23.jpg,2781,"{}",7,0,"{""name"":""point"",""cx"":38,""cy"":2}","{}"
23.jpg,2781,"{}",7,1,"{""name"":""point"",""cx"":24,""cy"":23}","{}"
23.jpg,2781,"{}",7,2,"{""name"":""point"",""cx"":19,""cy"":47}","{}"
23.jpg,2781,"{}",7,3,"{""name"":""point"",""cx"":15,""cy"":66}","{}"
23.jpg,2781,"{}",7,4,"{""name"":""point"",""cx"":51,""cy"":24}","{}"
23.jpg,2781,"{}",7,5,"{""name"":""point"",""cx"":54,""cy"":42}","{}"
23.jpg,2781,"{}",7,6,"{""name"":""point"",""cx"":58,""cy"":62}","{}"
24.jpg,2825,"{}",7,0,"{""name"":""point"",""cx"":38,""cy"":2}","{}"
24.jpg,2825,"{}",7,1,"{""name"":""point"",""cx"":29,""cy"":24}","{}"
24.jpg,2825,"{}",7,2,"{""name"":""point"",""cx"":26,""cy"":41}","{}"
24.jpg,2825,"{}",7,3,"{""name"":""point"",""cx"":22,""cy"":60}","{}"
24.jpg,2825,"{}",7,4,"{""name"":""point"",""cx"":50,""cy"":23}","{}"
24.jpg,2825,"{}",7,5,"{""name"":""point"",""cx"":50,""cy"":43}","{}"
24.jpg,2825,"{}",7,6,"{""name"":""point"",""cx"":58,""cy"":61}","{}"
25.jpg,3070,"{}",7,0,"{""name"":""point"",""cx"":40,""cy"":2}","{}"
25.jpg,3070,"{}",7,1,"{""name"":""point"",""cx"":28,""cy"":23}","{}"
25.jpg,3070,"{}",7,2,"{""name"":""point"",""cx"":23,""cy"":48}","{}"
25.jpg,3070,"{}",7,3,"{""name"":""point"",""cx"":20,""cy"":66}","{}"
25.jpg,3070,"{}",7,4,"{""name"":""point"",""cx"":52,""cy"":25}","{}"
25.jpg,3070,"{}",7,5,"{""name"":""point"",""cx"":56,""cy"":45}","{}"
25.jpg,3070,"{}",7,6,"{""name"":""point"",""cx"":60,""cy"":67}","{}"
26.jpg,3004,"{}",7,0,"{""name"":""point"",""cx"":39,""cy"":2}","{}"
26.jpg,3004,"{}",7,1,"{""name"":""point"",""cx"":31,""cy"":24}","{}"
26.jpg,3004,"{}",7,2,"{""name"":""point"",""cx"":29,""cy"":43}","{}"
26.jpg,3004,"{}",7,3,"{""name"":""point"",""cx"":22,""cy"":60}","{}"
26.jpg,3004,"{}",7,4,"{""name"":""point"",""cx"":50,""cy"":24}","{}"
26.jpg,3004,"{}",7,5,"{""name"":""point"",""cx"":50,""cy"":43}","{}"
26.jpg,3004,"{}",7,6,"{""name"":""point"",""cx"":58,""cy"":64}","{}"
27.jpg,3105,"{}",7,0,"{""name"":""point"",""cx"":41,""cy"":2}","{}"
27.jpg,3105,"{}",7,1,"{""name"":""point"",""cx"":29,""cy"":22}","{}"
27.jpg,3105,"{}",7,2,"{""name"":""point"",""cx"":23,""cy"":44}","{}"
27.jpg,3105,"{}",7,3,"{""name"":""point"",""cx"":23,""cy"":65}","{}"
27.jpg,3105,"{}",7,4,"{""name"":""point"",""cx"":52,""cy"":24}","{}"
27.jpg,3105,"{}",7,5,"{""name"":""point"",""cx"":55,""cy"":41}","{}"
27.jpg,3105,"{}",7,6,"{""name"":""point"",""cx"":59,""cy"":62}","{}"
28.jpg,2626,"{}",7,0,"{""name"":""point"",""cx"":36,""cy"":4}","{}"
28.jpg,2626,"{}",7,1,"{""name"":""point"",""cx"":24,""cy"":25}","{}"
28.jpg,2626,"{}",7,2,"{""name"":""point"",""cx"":18,""cy"":44}","{}"
28.jpg,2626,"{}",7,3,"{""name"":""point"",""cx"":14,""cy"":63}","{}"
28.jpg,2626,"{}",7,4,"{""name"":""point"",""cx"":51,""cy"":24}","{}"
28.jpg,2626,"{}",7,5,"{""name"":""point"",""cx"":55,""cy"":41}","{}"
28.jpg,2626,"{}",7,6,"{""name"":""point"",""cx"":61,""cy"":62}","{}"
29.jpg,3073,"{}",7,0,"{""name"":""point"",""cx"":39,""cy"":2}","{}"
29.jpg,3073,"{}",7,1,"{""name"":""point"",""cx"":29,""cy"":22}","{}"
29.jpg,3073,"{}",7,2,"{""name"":""point"",""cx"":26,""cy"":41}","{}"
29.jpg,3073,"{}",7,3,"{""name"":""point"",""cx"":20,""cy"":58}","{}"
29.jpg,3073,"{}",7,4,"{""name"":""point"",""cx"":49,""cy"":24}","{}"
29.jpg,3073,"{}",7,5,"{""name"":""point"",""cx"":52,""cy"":44}","{}"
29.jpg,3073,"{}",7,6,"{""name"":""point"",""cx"":55,""cy"":64}","{}"
30.jpg,3494,"{}",7,0,"{""name"":""point"",""cx"":42,""cy"":4}","{}"
30.jpg,3494,"{}",7,1,"{""name"":""point"",""cx"":32,""cy"":25}","{}"
30.jpg,3494,"{}",7,2,"{""name"":""point"",""cx"":27,""cy"":46}","{}"
30.jpg,3494,"{}",7,3,"{""name"":""point"",""cx"":26,""cy"":64}","{}"
30.jpg,3494,"{}",7,4,"{""name"":""point"",""cx"":53,""cy"":22}","{}"
30.jpg,3494,"{}",7,5,"{""name"":""point"",""cx"":56,""cy"":41}","{}"
30.jpg,3494,"{}",7,6,"{""name"":""point"",""cx"":60,""cy"":62}","{}"
31.jpg,2698,"{}",7,0,"{""name"":""point"",""cx"":38,""cy"":2}","{}"
31.jpg,2698,"{}",7,1,"{""name"":""point"",""cx"":23,""cy"":24}","{}"
31.jpg,2698,"{}",7,2,"{""name"":""point"",""cx"":18,""cy"":48}","{}"
31.jpg,2698,"{}",7,3,"{""name"":""point"",""cx"":15,""cy"":67}","{}"
31.jpg,2698,"{}",7,4,"{""name"":""point"",""cx"":51,""cy"":23}","{}"
31.jpg,2698,"{}",7,5,"{""name"":""point"",""cx"":53,""cy"":43}","{}"
31.jpg,2698,"{}",7,6,"{""name"":""point"",""cx"":60,""cy"":63}","{}"
32.jpg,3317,"{}",7,0,"{""name"":""point"",""cx"":38,""cy"":3}","{}"
32.jpg,3317,"{}",7,1,"{""name"":""point"",""cx"":29,""cy"":23}","{}"
32.jpg,3317,"{}",7,2,"{""name"":""point"",""cx"":27,""cy"":40}","{}"
32.jpg,3317,"{}",7,3,"{""name"":""point"",""cx"":20,""cy"":59}","{}"
32.jpg,3317,"{}",7,4,"{""name"":""point"",""cx"":49,""cy"":25}","{}"
32.jpg,3317,"{}",7,5,"{""name"":""point"",""cx"":51,""cy"":48}","{}"
32.jpg,3317,"{}",7,6,"{""name"":""point"",""cx"":56,""cy"":64}","{}"
33.jpg,2547,"{}",7,0,"{""name"":""point"",""cx"":40,""cy"":4}","{}"
33.jpg,2547,"{}",7,1,"{""name"":""point"",""cx"":28,""cy"":26}","{}"
33.jpg,2547,"{}",7,2,"{""name"":""point"",""cx"":27,""cy"":42}","{}"
33.jpg,2547,"{}",7,3,"{""name"":""point"",""cx"":19,""cy"":63}","{}"
33.jpg,2547,"{}",7,4,"{""name"":""point"",""cx"":47,""cy"":25}","{}"
33.jpg,2547,"{}",7,5,"{""name"":""point"",""cx"":52,""cy"":47}","{}"
33.jpg,2547,"{}",7,6,"{""name"":""point"",""cx"":58,""cy"":66}","{}"
34.jpg,3547,"{}",7,0,"{""name"":""point"",""cx"":42,""cy"":2}","{}"
34.jpg,3547,"{}",7,1,"{""name"":""point"",""cx"":32,""cy"":25}","{}"
34.jpg,3547,"{}",7,2,"{""name"":""point"",""cx"":29,""cy"":43}","{}"
34.jpg,3547,"{}",7,3,"{""name"":""point"",""cx"":25,""cy"":63}","{}"
34.jpg,3547,"{}",7,4,"{""name"":""point"",""cx"":54,""cy"":22}","{}"
34.jpg,3547,"{}",7,5,"{""name"":""point"",""cx"":56,""cy"":41}","{}"
34.jpg,3547,"{}",7,6,"{""name"":""point"",""cx"":62,""cy"":62}","{}"
35.jpg,2627,"{}",7,0,"{""name"":""point"",""cx"":38,""cy"":2}","{}"
35.jpg,2627,"{}",7,1,"{""name"":""point"",""cx"":24,""cy"":21}","{}"
35.jpg,2627,"{}",7,2,"{""name"":""point"",""cx"":23,""cy"":45}","{}"
35.jpg,2627,"{}",7,3,"{""name"":""point"",""cx"":17,""cy"":67}","{}"
35.jpg,2627,"{}",7,4,"{""name"":""point"",""cx"":51,""cy"":22}","{}"
35.jpg,2627,"{}",7,5,"{""name"":""point"",""cx"":53,""cy"":41}","{}"
35.jpg,2627,"{}",7,6,"{""name"":""point"",""cx"":57,""cy"":62}","{}"
36.jpg,3242,"{}",7,0,"{""name"":""point"",""cx"":36,""cy"":2}","{}"
36.jpg,3242,"{}",7,1,"{""name"":""point"",""cx"":27,""cy"":24}","{}"
36.jpg,3242,"{}",7,2,"{""name"":""point"",""cx"":26,""cy"":43}","{}"
36.jpg,3242,"{}",7,3,"{""name"":""point"",""cx"":22,""cy"":62}","{}"
36.jpg,3242,"{}",7,4,"{""name"":""point"",""cx"":45,""cy"":25}","{}"
36.jpg,3242,"{}",7,5,"{""name"":""point"",""cx"":49,""cy"":46}","{}"
36.jpg,3242,"{}",7,6,"{""name"":""point"",""cx"":54,""cy"":68}","{}"
37.jpg,3068,"{}",7,0,"{""name"":""point"",""cx"":40,""cy"":2}","{}"
37.jpg,3068,"{}",7,1,"{""name"":""point"",""cx"":28,""cy"":25}","{}"
37.jpg,3068,"{}",7,2,"{""name"":""point"",""cx"":25,""cy"":41}","{}"
37.jpg,3068,"{}",7,3,"{""name"":""point"",""cx"":20,""cy"":63}","{}"
37.jpg,3068,"{}",7,4,"{""name"":""point"",""cx"":54,""cy"":21}","{}"
37.jpg,3068,"{}",7,5,"{""name"":""point"",""cx"":58,""cy"":40}","{}"
37.jpg,3068,"{}",7,6,"{""name"":""point"",""cx"":61,""cy"":62}","{}"
38.jpg,2714,"{}",7,0,"{""name"":""point"",""cx"":37,""cy"":1}","{}"
38.jpg,2714,"{}",7,1,"{""name"":""point"",""cx"":29,""cy"":26}","{}"
38.jpg,2714,"{}",7,2,"{""name"":""point"",""cx"":26,""cy"":44}","{}"
38.jpg,2714,"{}",7,3,"{""name"":""point"",""cx"":22,""cy"":64}","{}"
38.jpg,2714,"{}",7,4,"{""name"":""point"",""cx"":47,""cy"":25}","{}"
38.jpg,2714,"{}",7,5,"{""name"":""point"",""cx"":50,""cy"":44}","{}"
38.jpg,2714,"{}",7,6,"{""name"":""point"",""cx"":55,""cy"":64}","{}"
39.jpg,3058,"{}",7,0,"{""name"":""point"",""cx"":41,""cy"":1}","{}"
39.jpg,3058,"{}",7,1,"{""name"":""point"",""cx"":28,""cy"":21}","{}"
39.jpg,3058,"{}",7,2,"{""name"":""point"",""cx"":20,""cy"":41}","{}"
39.jpg,3058,"{}",7,3,"{""name"":""point"",""cx"":17,""cy"":64}","{}"
39.jpg,3058,"{}",7,4,"{""name"":""point"",""cx"":54,""cy"":19}","{}"
39.jpg,3058,"{}",7,5,"{""name"":""point"",""cx"":56,""cy"":44}","{}"
39.jpg,3058,"{}",7,6,"{""name"":""point"",""cx"":62,""cy"":62}","{}"
40.jpg,2714,"{}",7,0,"{""name"":""point"",""cx"":38,""cy"":1}","{}"
40.jpg,2714,"{}",7,1,"{""name"":""point"",""cx"":29,""cy"":25}","{}"
40.jpg,2714,"{}",7,2,"{""name"":""point"",""cx"":26,""cy"":44}","{}"
40.jpg,2714,"{}",7,3,"{""name"":""point"",""cx"":19,""cy"":62}","{}"
40.jpg,2714,"{}",7,4,"{""name"":""point"",""cx"":47,""cy"":24}","{}"
40.jpg,2714,"{}",7,5,"{""name"":""point"",""cx"":51,""cy"":42}","{}"
40.jpg,2714,"{}",7,6,"{""name"":""point"",""cx"":54,""cy"":62}","{}"
41.jpg,3577,"{}",7,0,"{""name"":""point"",""cx"":42,""cy"":3}","{}"
41.jpg,3577,"{}",7,1,"{""name"":""point"",""cx"":30,""cy"":25}","{}"
41.jpg,3577,"{}",7,2,"{""name"":""point"",""cx"":25,""cy"":43}","{}"
41.jpg,3577,"{}",7,3,"{""name"":""point"",""cx"":22,""cy"":66}","{}"
41.jpg,3577,"{}",7,4,"{""name"":""point"",""cx"":54,""cy"":21}","{}"
41.jpg,3577,"{}",7,5,"{""name"":""point"",""cx"":57,""cy"":41}","{}"
41.jpg,3577,"{}",7,6,"{""name"":""point"",""cx"":63,""cy"":64}","{}"
42.jpg,2968,"{}",7,0,"{""name"":""point"",""cx"":36,""cy"":2}","{}"
42.jpg,2968,"{}",7,1,"{""name"":""point"",""cx"":29,""cy"":23}","{}"
42.jpg,2968,"{}",7,2,"{""name"":""point"",""cx"":25,""cy"":41}","{}"
42.jpg,2968,"{}",7,3,"{""name"":""point"",""cx"":19,""cy"":58}","{}"
42.jpg,2968,"{}",7,4,"{""name"":""point"",""cx"":47,""cy"":27}","{}"
42.jpg,2968,"{}",7,5,"{""name"":""point"",""cx"":51,""cy"":44}","{}"
42.jpg,2968,"{}",7,6,"{""name"":""point"",""cx"":55,""cy"":61}","{}"
43.jpg,3413,"{}",7,0,"{""name"":""point"",""cx"":42,""cy"":3}","{}"
43.jpg,3413,"{}",7,1,"{""name"":""point"",""cx"":31,""cy"":23}","{}"
43.jpg,3413,"{}",7,2,"{""name"":""point"",""cx"":26,""cy"":43}","{}"
43.jpg,3413,"{}",7,3,"{""name"":""point"",""cx"":20,""cy"":65}","{}"
43.jpg,3413,"{}",7,4,"{""name"":""point"",""cx"":54,""cy"":21}","{}"
43.jpg,3413,"{}",7,5,"{""name"":""point"",""cx"":57,""cy"":42}","{}"
43.jpg,3413,"{}",7,6,"{""name"":""point"",""cx"":64,""cy"":59}","{}"
44.jpg,2737,"{}",7,0,"{""name"":""point"",""cx"":40,""cy"":2}","{}"
44.jpg,2737,"{}",7,1,"{""name"":""point"",""cx"":27,""cy"":22}","{}"
44.jpg,2737,"{}",7,2,"{""name"":""point"",""cx"":19,""cy"":46}","{}"
44.jpg,2737,"{}",7,3,"{""name"":""point"",""cx"":13,""cy"":64}","{}"
44.jpg,2737,"{}",7,4,"{""name"":""point"",""cx"":54,""cy"":23}","{}"
44.jpg,2737,"{}",7,5,"{""name"":""point"",""cx"":55,""cy"":43}","{}"
44.jpg,2737,"{}",7,6,"{""name"":""point"",""cx"":61,""cy"":64}","{}"
45.jpg,2999,"{}",7,0,"{""name"":""point"",""cx"":41,""cy"":2}","{}"
45.jpg,2999,"{}",7,1,"{""name"":""point"",""cx"":33,""cy"":24}","{}"
45.jpg,2999,"{}",7,2,"{""name"":""point"",""cx"":31,""cy"":43}","{}"
45.jpg,2999,"{}",7,3,"{""name"":""point"",""cx"":26,""cy"":62}","{}"
45.jpg,2999,"{}",7,4,"{""name"":""point"",""cx"":51,""cy"":22}","{}"
45.jpg,2999,"{}",7,5,"{""name"":""point"",""cx"":53,""cy"":41}","{}"
45.jpg,2999,"{}",7,6,"{""name"":""point"",""cx"":59,""cy"":64}","{}"
46.jpg,2881,"{}",7,0,"{""name"":""point"",""cx"":40,""cy"":2}","{}"
46.jpg,2881,"{}",7,1,"{""name"":""point"",""cx"":28,""cy"":21}","{}"
46.jpg,2881,"{}",7,2,"{""name"":""point"",""cx"":22,""cy"":44}","{}"
46.jpg,2881,"{}",7,3,"{""name"":""point"",""cx"":19,""cy"":65}","{}"
46.jpg,2881,"{}",7,4,"{""name"":""point"",""cx"":55,""cy"":22}","{}"
46.jpg,2881,"{}",7,5,"{""name"":""point"",""cx"":56,""cy"":44}","{}"
46.jpg,2881,"{}",7,6,"{""name"":""point"",""cx"":63,""cy"":61}","{}"
47.jpg,3519,"{}",7,0,"{""name"":""point"",""cx"":38,""cy"":2}","{}"
47.jpg,3519,"{}",7,1,"{""name"":""point"",""cx"":29,""cy"":22}","{}"
47.jpg,3519,"{}",7,2,"{""name"":""point"",""cx"":26,""cy"":38}","{}"
47.jpg,3519,"{}",7,3,"{""name"":""point"",""cx"":23,""cy"":58}","{}"
47.jpg,3519,"{}",7,4,"{""name"":""point"",""cx"":48,""cy"":23}","{}"
47.jpg,3519,"{}",7,5,"{""name"":""point"",""cx"":51,""cy"":41}","{}"
47.jpg,3519,"{}",7,6,"{""name"":""point"",""cx"":55,""cy"":63}","{}"
48.jpg,2640,"{}",7,0,"{""name"":""point"",""cx"":38,""cy"":2}","{}"
48.jpg,2640,"{}",7,1,"{""name"":""point"",""cx"":28,""cy"":23}","{}"
48.jpg,2640,"{}",7,2,"{""name"":""point"",""cx"":27,""cy"":44}","{}"
48.jpg,2640,"{}",7,3,"{""name"":""point"",""cx"":19,""cy"":63}","{}"
48.jpg,2640,"{}",7,4,"{""name"":""point"",""cx"":47,""cy"":23}","{}"
48.jpg,2640,"{}",7,5,"{""name"":""point"",""cx"":52,""cy"":44}","{}"
48.jpg,2640,"{}",7,6,"{""name"":""point"",""cx"":55,""cy"":60}","{}"
49.jpg,2329,"{}",7,0,"{""name"":""point"",""cx"":39,""cy"":2}","{}"
49.jpg,2329,"{}",7,1,"{""name"":""point"",""cx"":29,""cy"":23}","{}"
49.jpg,2329,"{}",7,2,"{""name"":""point"",""cx"":28,""cy"":42}","{}"
49.jpg,2329,"{}",7,3,"{""name"":""point"",""cx"":21,""cy"":63}","{}"
49.jpg,2329,"{}",7,4,"{""name"":""point"",""cx"":49,""cy"":26}","{}"
49.jpg,2329,"{}",7,5,"{""name"":""point"",""cx"":54,""cy"":45}","{}"
49.jpg,2329,"{}",7,6,"{""name"":""point"",""cx"":56,""cy"":64}","{}"
50.jpg,2511,"{}",7,0,"{""name"":""point"",""cx"":40,""cy"":0}","{}"
50.jpg,2511,"{}",7,1,"{""name"":""point"",""cx"":30,""cy"":23}","{}"
50.jpg,2511,"{}",7,2,"{""name"":""point"",""cx"":31,""cy"":40}","{}"
50.jpg,2511,"{}",7,3,"{""name"":""point"",""cx"":22,""cy"":59}","{}"
50.jpg,2511,"{}",7,4,"{""name"":""point"",""cx"":50,""cy"":25}","{}"
50.jpg,2511,"{}",7,5,"{""name"":""point"",""cx"":54,""cy"":44}","{}"
50.jpg,2511,"{}",7,6,"{""name"":""point"",""cx"":59,""cy"":59}","{}"
51.jpg,1800,"{}",7,0,"{""name"":""point"",""cx"":40,""cy"":3}","{}"
51.jpg,1800,"{}",7,1,"{""name"":""point"",""cx"":29,""cy"":25}","{}"
51.jpg,1800,"{}",7,2,"{""name"":""point"",""cx"":25,""cy"":43}","{}"
51.jpg,1800,"{}",7,3,"{""name"":""point"",""cx"":19,""cy"":63}","{}"
51.jpg,1800,"{}",7,4,"{""name"":""point"",""cx"":52,""cy"":26}","{}"
51.jpg,1800,"{}",7,5,"{""name"":""point"",""cx"":54,""cy"":43}","{}"
51.jpg,1800,"{}",7,6,"{""name"":""point"",""cx"":60,""cy"":63}","{}"
52.jpg,1777,"{}",7,0,"{""name"":""point"",""cx"":35,""cy"":2}","{}"
52.jpg,1777,"{}",7,1,"{""name"":""point"",""cx"":24,""cy"":23}","{}"
52.jpg,1777,"{}",7,2,"{""name"":""point"",""cx"":23,""cy"":46}","{}"
52.jpg,1777,"{}",7,3,"{""name"":""point"",""cx"":17,""cy"":64}","{}"
52.jpg,1777,"{}",7,4,"{""name"":""point"",""cx"":47,""cy"":22}","{}"
52.jpg,1777,"{}",7,5,"{""name"":""point"",""cx"":48,""cy"":39}","{}"
52.jpg,1777,"{}",7,6,"{""name"":""point"",""cx"":52,""cy"":68}","{}"
53.jpg,3185,"{}",7,0,"{""name"":""point"",""cx"":36,""cy"":1}","{}"
53.jpg,3185,"{}",7,1,"{""name"":""point"",""cx"":24,""cy"":24}","{}"
53.jpg,3185,"{}",7,2,"{""name"":""point"",""cx"":19,""cy"":44}","{}"
53.jpg,3185,"{}",7,3,"{""name"":""point"",""cx"":13,""cy"":64}","{}"
53.jpg,3185,"{}",7,4,"{""name"":""point"",""cx"":48,""cy"":21}","{}"
53.jpg,3185,"{}",7,5,"{""name"":""point"",""cx"":53,""cy"":38}","{}"
53.jpg,3185,"{}",7,6,"{""name"":""point"",""cx"":58,""cy"":59}","{}"
54.jpg,2496,"{}",7,0,"{""name"":""point"",""cx"":38,""cy"":1}","{}"
54.jpg,2496,"{}",7,1,"{""name"":""point"",""cx"":26,""cy"":21}","{}"
54.jpg,2496,"{}",7,2,"{""name"":""point"",""cx"":22,""cy"":41}","{}"
54.jpg,2496,"{}",7,3,"{""name"":""point"",""cx"":15,""cy"":62}","{}"
54.jpg,2496,"{}",7,4,"{""name"":""point"",""cx"":51,""cy"":20}","{}"
54.jpg,2496,"{}",7,5,"{""name"":""point"",""cx"":54,""cy"":39}","{}"
54.jpg,2496,"{}",7,6,"{""name"":""point"",""cx"":60,""cy"":58}","{}"
55.jpg,1830,"{}",7,0,"{""name"":""point"",""cx"":38,""cy"":2}","{}"
55.jpg,1830,"{}",7,1,"{""name"":""point"",""cx"":26,""cy"":25}","{}"
55.jpg,1830,"{}",7,2,"{""name"":""point"",""cx"":26,""cy"":42}","{}"
55.jpg,1830,"{}",7,3,"{""name"":""point"",""cx"":20,""cy"":60}","{}"
55.jpg,1830,"{}",7,4,"{""name"":""point"",""cx"":46,""cy"":23}","{}"
55.jpg,1830,"{}",7,5,"{""name"":""point"",""cx"":50,""cy"":41}","{}"
55.jpg,1830,"{}",7,6,"{""name"":""point"",""cx"":54,""cy"":65}","{}"
56.jpg,3210,"{}",7,0,"{""name"":""point"",""cx"":38,""cy"":3}","{}"
56.jpg,3210,"{}",7,1,"{""name"":""point"",""cx"":27,""cy"":25}","{}"
56.jpg,3210,"{}",7,2,"{""name"":""point"",""cx"":24,""cy"":41}","{}"
56.jpg,3210,"{}",7,3,"{""name"":""point"",""cx"":15,""cy"":60}","{}"
56.jpg,3210,"{}",7,4,"{""name"":""point"",""cx"":51,""cy"":21}","{}"
56.jpg,3210,"{}",7,5,"{""name"":""point"",""cx"":56,""cy"":41}","{}"
56.jpg,3210,"{}",7,6,"{""name"":""point"",""cx"":63,""cy"":58}","{}"
57.jpg,2365,"{}",7,0,"{""name"":""point"",""cx"":35,""cy"":2}","{}"
57.jpg,2365,"{}",7,1,"{""name"":""point"",""cx"":22,""cy"":28}","{}"
57.jpg,2365,"{}",7,2,"{""name"":""point"",""cx"":20,""cy"":44}","{}"
57.jpg,2365,"{}",7,3,"{""name"":""point"",""cx"":19,""cy"":69}","{}"
57.jpg,2365,"{}",7,4,"{""name"":""point"",""cx"":48,""cy"":25}","{}"
57.jpg,2365,"{}",7,5,"{""name"":""point"",""cx"":51,""cy"":45}","{}"
57.jpg,2365,"{}",7,6,"{""name"":""point"",""cx"":56,""cy"":66}","{}"
58.jpg,1742,"{}",7,0,"{""name"":""point"",""cx"":36,""cy"":6}","{}"
58.jpg,1742,"{}",7,1,"{""name"":""point"",""cx"":26,""cy"":27}","{}"
58.jpg,1742,"{}",7,2,"{""name"":""point"",""cx"":25,""cy"":46}","{}"
58.jpg,1742,"{}",7,3,"{""name"":""point"",""cx"":19,""cy"":61}","{}"
58.jpg,1742,"{}",7,4,"{""name"":""point"",""cx"":47,""cy"":27}","{}"
58.jpg,1742,"{}",7,5,"{""name"":""point"",""cx"":53,""cy"":46}","{}"
58.jpg,1742,"{}",7,6,"{""name"":""point"",""cx"":59,""cy"":66}","{}"
59.jpg,2454,"{}",7,0,"{""name"":""point"",""cx"":38,""cy"":5}","{}"
59.jpg,2454,"{}",7,1,"{""name"":""point"",""cx"":30,""cy"":26}","{}"
59.jpg,2454,"{}",7,2,"{""name"":""point"",""cx"":26,""cy"":40}","{}"
59.jpg,2454,"{}",7,3,"{""name"":""point"",""cx"":18,""cy"":53}","{}"
59.jpg,2454,"{}",7,4,"{""name"":""point"",""cx"":48,""cy"":30}","{}"
59.jpg,2454,"{}",7,5,"{""name"":""point"",""cx"":50,""cy"":46}","{}"
59.jpg,2454,"{}",7,6,"{""name"":""point"",""cx"":54,""cy"":64}","{}"
60.jpg,1914,"{}",7,0,"{""name"":""point"",""cx"":45,""cy"":7}","{}"
60.jpg,1914,"{}",7,1,"{""name"":""point"",""cx"":36,""cy"":30}","{}"
60.jpg,1914,"{}",7,2,"{""name"":""point"",""cx"":31,""cy"":44}","{}"
60.jpg,1914,"{}",7,3,"{""name"":""point"",""cx"":20,""cy"":56}","{}"
60.jpg,1914,"{}",7,4,"{""name"":""point"",""cx"":52,""cy"":32}","{}"
60.jpg,1914,"{}",7,5,"{""name"":""point"",""cx"":56,""cy"":46}","{}"
60.jpg,1914,"{}",7,6,"{""name"":""point"",""cx"":61,""cy"":60}","{}"
61.jpg,3589,"{}",7,0,"{""name"":""point"",""cx"":42,""cy"":2}","{}"
61.jpg,3589,"{}",7,1,"{""name"":""point"",""cx"":34,""cy"":23}","{}"
61.jpg,3589,"{}",7,2,"{""name"":""point"",""cx"":31,""cy"":42}","{}"
61.jpg,3589,"{}",7,3,"{""name"":""point"",""cx"":25,""cy"":62}","{}"
61.jpg,3589,"{}",7,4,"{""name"":""point"",""cx"":52,""cy"":24}","{}"
61.jpg,3589,"{}",7,5,"{""name"":""point"",""cx"":58,""cy"":44}","{}"
61.jpg,3589,"{}",7,6,"{""name"":""point"",""cx"":63,""cy"":64}","{}"
62.jpg,4029,"{}",7,0,"{""name"":""point"",""cx"":37,""cy"":2}","{}"
62.jpg,4029,"{}",7,1,"{""name"":""point"",""cx"":29,""cy"":23}","{}"
62.jpg,4029,"{}",7,2,"{""name"":""point"",""cx"":25,""cy"":39}","{}"
62.jpg,4029,"{}",7,3,"{""name"":""point"",""cx"":19,""cy"":60}","{}"
62.jpg,4029,"{}",7,4,"{""name"":""point"",""cx"":48,""cy"":23}","{}"
62.jpg,4029,"{}",7,5,"{""name"":""point"",""cx"":52,""cy"":41}","{}"
62.jpg,4029,"{}",7,6,"{""name"":""point"",""cx"":56,""cy"":64}","{}"
63.jpg,2866,"{}",7,0,"{""name"":""point"",""cx"":43,""cy"":3}","{}"
63.jpg,2866,"{}",7,1,"{""name"":""point"",""cx"":31,""cy"":25}","{}"
63.jpg,2866,"{}",7,2,"{""name"":""point"",""cx"":26,""cy"":44}","{}"
63.jpg,2866,"{}",7,3,"{""name"":""point"",""cx"":22,""cy"":64}","{}"
63.jpg,2866,"{}",7,4,"{""name"":""point"",""cx"":56,""cy"":25}","{}"
63.jpg,2866,"{}",7,5,"{""name"":""point"",""cx"":60,""cy"":45}","{}"
63.jpg,2866,"{}",7,6,"{""name"":""point"",""cx"":67,""cy"":67}","{}"
64.jpg,3550,"{}",7,0,"{""name"":""point"",""cx"":40,""cy"":2}","{}"
64.jpg,3550,"{}",7,1,"{""name"":""point"",""cx"":31,""cy"":25}","{}"
64.jpg,3550,"{}",7,2,"{""name"":""point"",""cx"":27,""cy"":46}","{}"
64.jpg,3550,"{}",7,3,"{""name"":""point"",""cx"":25,""cy"":68}","{}"
64.jpg,3550,"{}",7,4,"{""name"":""point"",""cx"":51,""cy"":27}","{}"
64.jpg,3550,"{}",7,5,"{""name"":""point"",""cx"":56,""cy"":47}","{}"
64.jpg,3550,"{}",7,6,"{""name"":""point"",""cx"":58,""cy"":67}","{}"
65.jpg,3963,"{}",7,0,"{""name"":""point"",""cx"":37,""cy"":1}","{}"
65.jpg,3963,"{}",7,1,"{""name"":""point"",""cx"":29,""cy"":20}","{}"
65.jpg,3963,"{}",7,2,"{""name"":""point"",""cx"":24,""cy"":39}","{}"
65.jpg,3963,"{}",7,3,"{""name"":""point"",""cx"":20,""cy"":61}","{}"
65.jpg,3963,"{}",7,4,"{""name"":""point"",""cx"":49,""cy"":23}","{}"
65.jpg,3963,"{}",7,5,"{""name"":""point"",""cx"":51,""cy"":43}","{}"
65.jpg,3963,"{}",7,6,"{""name"":""point"",""cx"":56,""cy"":68}","{}"
66.jpg,2927,"{}",7,0,"{""name"":""point"",""cx"":38,""cy"":1}","{}"
66.jpg,2927,"{}",7,1,"{""name"":""point"",""cx"":27,""cy"":23}","{}"
66.jpg,2927,"{}",7,2,"{""name"":""point"",""cx"":24,""cy"":44}","{}"
66.jpg,2927,"{}",7,3,"{""name"":""point"",""cx"":20,""cy"":66}","{}"
66.jpg,2927,"{}",7,4,"{""name"":""point"",""cx"":50,""cy"":23}","{}"
66.jpg,2927,"{}",7,5,"{""name"":""point"",""cx"":51,""cy"":44}","{}"
66.jpg,2927,"{}",7,6,"{""name"":""point"",""cx"":56,""cy"":66}","{}"
67.jpg,3275,"{}",7,0,"{""name"":""point"",""cx"":45,""cy"":2}","{}"
67.jpg,3275,"{}",7,1,"{""name"":""point"",""cx"":34,""cy"":24}","{}"
67.jpg,3275,"{}",7,2,"{""name"":""point"",""cx"":31,""cy"":44}","{}"
67.jpg,3275,"{}",7,3,"{""name"":""point"",""cx"":24,""cy"":64}","{}"
67.jpg,3275,"{}",7,4,"{""name"":""point"",""cx"":56,""cy"":23}","{}"
67.jpg,3275,"{}",7,5,"{""name"":""point"",""cx"":60,""cy"":48}","{}"
67.jpg,3275,"{}",7,6,"{""name"":""point"",""cx"":65,""cy"":65}","{}"
68.jpg,3252,"{}",7,0,"{""name"":""point"",""cx"":39,""cy"":4}","{}"
68.jpg,3252,"{}",7,1,"{""name"":""point"",""cx"":28,""cy"":23}","{}"
68.jpg,3252,"{}",7,2,"{""name"":""point"",""cx"":27,""cy"":42}","{}"
68.jpg,3252,"{}",7,3,"{""name"":""point"",""cx"":22,""cy"":60}","{}"
68.jpg,3252,"{}",7,4,"{""name"":""point"",""cx"":50,""cy"":25}","{}"
68.jpg,3252,"{}",7,5,"{""name"":""point"",""cx"":54,""cy"":43}","{}"
68.jpg,3252,"{}",7,6,"{""name"":""point"",""cx"":56,""cy"":62}","{}"
69.jpg,3319,"{}",7,0,"{""name"":""point"",""cx"":40,""cy"":3}","{}"
69.jpg,3319,"{}",7,1,"{""name"":""point"",""cx"":30,""cy"":23}","{}"
69.jpg,3319,"{}",7,2,"{""name"":""point"",""cx"":27,""cy"":45}","{}"
69.jpg,3319,"{}",7,3,"{""name"":""point"",""cx"":23,""cy"":64}","{}"
69.jpg,3319,"{}",7,4,"{""name"":""point"",""cx"":53,""cy"":24}","{}"
69.jpg,3319,"{}",7,5,"{""name"":""point"",""cx"":56,""cy"":46}","{}"
69.jpg,3319,"{}",7,6,"{""name"":""point"",""cx"":60,""cy"":63}","{}"
70.jpg,3299,"{}",7,0,"{""name"":""point"",""cx"":37,""cy"":2}","{}"
70.jpg,3299,"{}",7,1,"{""name"":""point"",""cx"":27,""cy"":19}","{}"
70.jpg,3299,"{}",7,2,"{""name"":""point"",""cx"":25,""cy"":36}","{}"
70.jpg,3299,"{}",7,3,"{""name"":""point"",""cx"":20,""cy"":60}","{}"
70.jpg,3299,"{}",7,4,"{""name"":""point"",""cx"":47,""cy"":21}","{}"
70.jpg,3299,"{}",7,5,"{""name"":""point"",""cx"":50,""cy"":39}","{}"
70.jpg,3299,"{}",7,6,"{""name"":""point"",""cx"":58,""cy"":65}","{}"
71.jpg,3849,"{}",7,0,"{""name"":""point"",""cx"":40,""cy"":1}","{}"
71.jpg,3849,"{}",7,1,"{""name"":""point"",""cx"":33,""cy"":24}","{}"
71.jpg,3849,"{}",7,2,"{""name"":""point"",""cx"":27,""cy"":48}","{}"
71.jpg,3849,"{}",7,3,"{""name"":""point"",""cx"":24,""cy"":67}","{}"
71.jpg,3849,"{}",7,4,"{""name"":""point"",""cx"":51,""cy"":23}","{}"
71.jpg,3849,"{}",7,5,"{""name"":""point"",""cx"":53,""cy"":42}","{}"
71.jpg,3849,"{}",7,6,"{""name"":""point"",""cx"":59,""cy"":62}","{}"
72.jpg,3157,"{}",7,0,"{""name"":""point"",""cx"":40,""cy"":4}","{}"
72.jpg,3157,"{}",7,1,"{""name"":""point"",""cx"":29,""cy"":25}","{}"
72.jpg,3157,"{}",7,2,"{""name"":""point"",""cx"":26,""cy"":48}","{}"
72.jpg,3157,"{}",7,3,"{""name"":""point"",""cx"":20,""cy"":66}","{}"
72.jpg,3157,"{}",7,4,"{""name"":""point"",""cx"":52,""cy"":27}","{}"
72.jpg,3157,"{}",7,5,"{""name"":""point"",""cx"":57,""cy"":46}","{}"
72.jpg,3157,"{}",7,6,"{""name"":""point"",""cx"":60,""cy"":66}","{}"
73.jpg,3806,"{}",7,0,"{""name"":""point"",""cx"":39,""cy"":2}","{}"
73.jpg,3806,"{}",7,1,"{""name"":""point"",""cx"":29,""cy"":23}","{}"
73.jpg,3806,"{}",7,2,"{""name"":""point"",""cx"":26,""cy"":41}","{}"
73.jpg,3806,"{}",7,3,"{""name"":""point"",""cx"":19,""cy"":59}","{}"
73.jpg,3806,"{}",7,4,"{""name"":""point"",""cx"":48,""cy"":26}","{}"
73.jpg,3806,"{}",7,5,"{""name"":""point"",""cx"":50,""cy"":43}","{}"
73.jpg,3806,"{}",7,6,"{""name"":""point"",""cx"":56,""cy"":65}","{}"
74.jpg,3875,"{}",7,0,"{""name"":""point"",""cx"":40,""cy"":3}","{}"
74.jpg,3875,"{}",7,1,"{""name"":""point"",""cx"":32,""cy"":24}","{}"
74.jpg,3875,"{}",7,2,"{""name"":""point"",""cx"":29,""cy"":45}","{}"
74.jpg,3875,"{}",7,3,"{""name"":""point"",""cx"":22,""cy"":65}","{}"
74.jpg,3875,"{}",7,4,"{""name"":""point"",""cx"":52,""cy"":26}","{}"
74.jpg,3875,"{}",7,5,"{""name"":""point"",""cx"":55,""cy"":44}","{}"
74.jpg,3875,"{}",7,6,"{""name"":""point"",""cx"":58,""cy"":60}","{}"
75.jpg,3088,"{}",7,0,"{""name"":""point"",""cx"":42,""cy"":2}","{}"
75.jpg,3088,"{}",7,1,"{""name"":""point"",""cx"":32,""cy"":27}","{}"
75.jpg,3088,"{}",7,2,"{""name"":""point"",""cx"":27,""cy"":48}","{}"
75.jpg,3088,"{}",7,3,"{""name"":""point"",""cx"":23,""cy"":66}","{}"
75.jpg,3088,"{}",7,4,"{""name"":""point"",""cx"":54,""cy"":26}","{}"
75.jpg,3088,"{}",7,5,"{""name"":""point"",""cx"":58,""cy"":44}","{}"
75.jpg,3088,"{}",7,6,"{""name"":""point"",""cx"":62,""cy"":66}","{}"
76.jpg,3821,"{}",7,0,"{""name"":""point"",""cx"":38,""cy"":2}","{}"
76.jpg,3821,"{}",7,1,"{""name"":""point"",""cx"":29,""cy"":26}","{}"
76.jpg,3821,"{}",7,2,"{""name"":""point"",""cx"":26,""cy"":43}","{}"
76.jpg,3821,"{}",7,3,"{""name"":""point"",""cx"":22,""cy"":62}","{}"
76.jpg,3821,"{}",7,4,"{""name"":""point"",""cx"":51,""cy"":27}","{}"
76.jpg,3821,"{}",7,5,"{""name"":""point"",""cx"":52,""cy"":44}","{}"
76.jpg,3821,"{}",7,6,"{""name"":""point"",""cx"":57,""cy"":65}","{}"
77.jpg,2982,"{}",7,0,"{""name"":""point"",""cx"":41,""cy"":1}","{}"
77.jpg,2982,"{}",7,1,"{""name"":""point"",""cx"":31,""cy"":27}","{}"
77.jpg,2982,"{}",7,2,"{""name"":""point"",""cx"":27,""cy"":45}","{}"
77.jpg,2982,"{}",7,3,"{""name"":""point"",""cx"":22,""cy"":65}","{}"
77.jpg,2982,"{}",7,4,"{""name"":""point"",""cx"":50,""cy"":25}","{}"
77.jpg,2982,"{}",7,5,"{""name"":""point"",""cx"":53,""cy"":44}","{}"
77.jpg,2982,"{}",7,6,"{""name"":""point"",""cx"":58,""cy"":65}","{}"
78.jpg,3829,"{}",7,0,"{""name"":""point"",""cx"":40,""cy"":5}","{}"
78.jpg,3829,"{}",7,1,"{""name"":""point"",""cx"":28,""cy"":26}","{}"
78.jpg,3829,"{}",7,2,"{""name"":""point"",""cx"":20,""cy"":46}","{}"
78.jpg,3829,"{}",7,3,"{""name"":""point"",""cx"":19,""cy"":66}","{}"
78.jpg,3829,"{}",7,4,"{""name"":""point"",""cx"":53,""cy"":26}","{}"
78.jpg,3829,"{}",7,5,"{""name"":""point"",""cx"":58,""cy"":44}","{}"
78.jpg,3829,"{}",7,6,"{""name"":""point"",""cx"":63,""cy"":63}","{}"
79.jpg,3161,"{}",7,0,"{""name"":""point"",""cx"":41,""cy"":2}","{}"
79.jpg,3161,"{}",7,1,"{""name"":""point"",""cx"":29,""cy"":24}","{}"
79.jpg,3161,"{}",7,2,"{""name"":""point"",""cx"":26,""cy"":44}","{}"
79.jpg,3161,"{}",7,3,"{""name"":""point"",""cx"":20,""cy"":63}","{}"
79.jpg,3161,"{}",7,4,"{""name"":""point"",""cx"":54,""cy"":25}","{}"
79.jpg,3161,"{}",7,5,"{""name"":""point"",""cx"":58,""cy"":43}","{}"
79.jpg,3161,"{}",7,6,"{""name"":""point"",""cx"":63,""cy"":62}","{}"
80.jpg,3011,"{}",7,0,"{""name"":""point"",""cx"":41,""cy"":1}","{}"
80.jpg,3011,"{}",7,1,"{""name"":""point"",""cx"":30,""cy"":25}","{}"
80.jpg,3011,"{}",7,2,"{""name"":""point"",""cx"":26,""cy"":46}","{}"
80.jpg,3011,"{}",7,3,"{""name"":""point"",""cx"":21,""cy"":66}","{}"
80.jpg,3011,"{}",7,4,"{""name"":""point"",""cx"":54,""cy"":23}","{}"
80.jpg,3011,"{}",7,5,"{""name"":""point"",""cx"":58,""cy"":43}","{}"
80.jpg,3011,"{}",7,6,"{""name"":""point"",""cx"":63,""cy"":64}","{}"
81.jpg,3489,"{}",7,0,"{""name"":""point"",""cx"":42,""cy"":2}","{}"
81.jpg,3489,"{}",7,1,"{""name"":""point"",""cx"":35,""cy"":24}","{}"
81.jpg,3489,"{}",7,2,"{""name"":""point"",""cx"":31,""cy"":43}","{}"
81.jpg,3489,"{}",7,3,"{""name"":""point"",""cx"":27,""cy"":59}","{}"
81.jpg,3489,"{}",7,4,"{""name"":""point"",""cx"":51,""cy"":25}","{}"
81.jpg,3489,"{}",7,5,"{""name"":""point"",""cx"":54,""cy"":44}","{}"
81.jpg,3489,"{}",7,6,"{""name"":""point"",""cx"":58,""cy"":60}","{}"
82.jpg,3887,"{}",7,0,"{""name"":""point"",""cx"":40,""cy"":4}","{}"
82.jpg,3887,"{}",7,1,"{""name"":""point"",""cx"":31,""cy"":24}","{}"
82.jpg,3887,"{}",7,2,"{""name"":""point"",""cx"":22,""cy"":44}","{}"
82.jpg,3887,"{}",7,3,"{""name"":""point"",""cx"":19,""cy"":62}","{}"
82.jpg,3887,"{}",7,4,"{""name"":""point"",""cx"":54,""cy"":24}","{}"
82.jpg,3887,"{}",7,5,"{""name"":""point"",""cx"":60,""cy"":43}","{}"
82.jpg,3887,"{}",7,6,"{""name"":""point"",""cx"":64,""cy"":60}","{}"
83.jpg,3104,"{}",7,0,"{""name"":""point"",""cx"":43,""cy"":4}","{}"
83.jpg,3104,"{}",7,1,"{""name"":""point"",""cx"":33,""cy"":25}","{}"
83.jpg,3104,"{}",7,2,"{""name"":""point"",""cx"":28,""cy"":49}","{}"
83.jpg,3104,"{}",7,3,"{""name"":""point"",""cx"":22,""cy"":66}","{}"
83.jpg,3104,"{}",7,4,"{""name"":""point"",""cx"":56,""cy"":25}","{}"
83.jpg,3104,"{}",7,5,"{""name"":""point"",""cx"":60,""cy"":46}","{}"
83.jpg,3104,"{}",7,6,"{""name"":""point"",""cx"":64,""cy"":63}","{}"
84.jpg,3428,"{}",7,0,"{""name"":""point"",""cx"":39,""cy"":4}","{}"
84.jpg,3428,"{}",7,1,"{""name"":""point"",""cx"":32,""cy"":25}","{}"
84.jpg,3428,"{}",7,2,"{""name"":""point"",""cx"":29,""cy"":43}","{}"
84.jpg,3428,"{}",7,3,"{""name"":""point"",""cx"":25,""cy"":60}","{}"
84.jpg,3428,"{}",7,4,"{""name"":""point"",""cx"":50,""cy"":26}","{}"
84.jpg,3428,"{}",7,5,"{""name"":""point"",""cx"":52,""cy"":45}","{}"
84.jpg,3428,"{}",7,6,"{""name"":""point"",""cx"":57,""cy"":62}","{}"
85.jpg,3096,"{}",7,0,"{""name"":""point"",""cx"":38,""cy"":3}","{}"
85.jpg,3096,"{}",7,1,"{""name"":""point"",""cx"":29,""cy"":26}","{}"
85.jpg,3096,"{}",7,2,"{""name"":""point"",""cx"":26,""cy"":46}","{}"
85.jpg,3096,"{}",7,3,"{""name"":""point"",""cx"":20,""cy"":69}","{}"
85.jpg,3096,"{}",7,4,"{""name"":""point"",""cx"":48,""cy"":28}","{}"
85.jpg,3096,"{}",7,5,"{""name"":""point"",""cx"":53,""cy"":50}","{}"
85.jpg,3096,"{}",7,6,"{""name"":""point"",""cx"":58,""cy"":69}","{}"
86.jpg,3153,"{}",7,0,"{""name"":""point"",""cx"":40,""cy"":0}","{}"
86.jpg,3153,"{}",7,1,"{""name"":""point"",""cx"":31,""cy"":24}","{}"
86.jpg,3153,"{}",7,2,"{""name"":""point"",""cx"":29,""cy"":42}","{}"
86.jpg,3153,"{}",7,3,"{""name"":""point"",""cx"":24,""cy"":60}","{}"
86.jpg,3153,"{}",7,4,"{""name"":""point"",""cx"":47,""cy"":23}","{}"
86.jpg,3153,"{}",7,5,"{""name"":""point"",""cx"":51,""cy"":42}","{}"
86.jpg,3153,"{}",7,6,"{""name"":""point"",""cx"":56,""cy"":63}","{}"